participation_id,Zone,High Intensity Event Count
019d8fa9-3cbd-42f2-bfcf-1bc676d13e0f,1,3
019d8fa9-3cbd-42f2-bfcf-1bc676d13e0f,2,0
019d8fa9-3cbd-42f2-bfcf-1bc676d13e0f,3,1
019d8fa9-3cbd-42f2-bfcf-1bc676d13e0f,4,7
019d8fa9-3cbd-42f2-bfcf-1bc676d13e0f,5,9
019d8fa9-3cbd-42f2-bfcf-1bc676d13e0f,6,3
019d8fa9-3cbd-42f2-bfcf-1bc676d13e0f,7,2
019d8fa9-3cbd-42f2-bfcf-1bc676d13e0f,8,4
019d8fa9-3cbd-42f2-bfcf-1bc676d13e0f,9,1
0c7c551a-93df-416d-a892-81eccd50c6eb,1,0
0c7c551a-93df-416d-a892-81eccd50c6eb,2,8
0c7c551a-93df-416d-a892-81eccd50c6eb,3,1
0c7c551a-93df-416d-a892-81eccd50c6eb,4,1
0c7c551a-93df-416d-a892-81eccd50c6eb,5,3
0c7c551a-93df-416d-a892-81eccd50c6eb,6,2
0c7c551a-93df-416d-a892-81eccd50c6eb,7,1
0c7c551a-93df-416d-a892-81eccd50c6eb,8,4
0c7c551a-93df-416d-a892-81eccd50c6eb,9,0
320d9832-0fdf-400e-b4e1-0d2b56144cf9,1,0
320d9832-0fdf-400e-b4e1-0d2b56144cf9,2,0
320d9832-0fdf-400e-b4e1-0d2b56144cf9,3,1
320d9832-0fdf-400e-b4e1-0d2b56144cf9,4,2
320d9832-0fdf-400e-b4e1-0d2b56144cf9,5,0
320d9832-0fdf-400e-b4e1-0d2b56144cf9,6,1
320d9832-0fdf-400e-b4e1-0d2b56144cf9,7,1
320d9832-0fdf-400e-b4e1-0d2b56144cf9,8,0
320d9832-0fdf-400e-b4e1-0d2b56144cf9,9,1
33d4053e-34a9-4324-97a5-c17e8607d4c9,1,2
33d4053e-34a9-4324-97a5-c17e8607d4c9,2,4
33d4053e-34a9-4324-97a5-c17e8607d4c9,3,0
33d4053e-34a9-4324-97a5-c17e8607d4c9,4,2
33d4053e-34a9-4324-97a5-c17e8607d4c9,5,3
33d4053e-34a9-4324-97a5-c17e8607d4c9,6,0
33d4053e-34a9-4324-97a5-c17e8607d4c9,7,1
33d4053e-34a9-4324-97a5-c17e8607d4c9,8,1
33d4053e-34a9-4324-97a5-c17e8607d4c9,9,0
3b7ea68d-8174-4061-94cc-84a07d488cfe,1,0
3b7ea68d-8174-4061-94cc-84a07d488cfe,2,2
3b7ea68d-8174-4061-94cc-84a07d488cfe,3,1
3b7ea68d-8174-4061-94cc-84a07d488cfe,4,1
3b7ea68d-8174-4061-94cc-84a07d488cfe,5,7
3b7ea68d-8174-4061-94cc-84a07d488cfe,6,2
3b7ea68d-8174-4061-94cc-84a07d488cfe,7,0
3b7ea68d-8174-4061-94cc-84a07d488cfe,8,1
3b7ea68d-8174-4061-94cc-84a07d488cfe,9,1
455426a2-5604-4c3a-8b89-ed0519f8d77a,1,0
455426a2-5604-4c3a-8b89-ed0519f8d77a,2,0
455426a2-5604-4c3a-8b89-ed0519f8d77a,3,0
455426a2-5604-4c3a-8b89-ed0519f8d77a,4,0
455426a2-5604-4c3a-8b89-ed0519f8d77a,5,1
455426a2-5604-4c3a-8b89-ed0519f8d77a,6,0
455426a2-5604-4c3a-8b89-ed0519f8d77a,7,0
455426a2-5604-4c3a-8b89-ed0519f8d77a,8,0
455426a2-5604-4c3a-8b89-ed0519f8d77a,9,0
48e50e40-2bc0-4a20-93cf-4683bcd13bf7,1,1
48e50e40-2bc0-4a20-93cf-4683bcd13bf7,2,2
48e50e40-2bc0-4a20-93cf-4683bcd13bf7,3,0
48e50e40-2bc0-4a20-93cf-4683bcd13bf7,4,0
48e50e40-2bc0-4a20-93cf-4683bcd13bf7,5,2
48e50e40-2bc0-4a20-93cf-4683bcd13bf7,6,0
48e50e40-2bc0-4a20-93cf-4683bcd13bf7,7,1
48e50e40-2bc0-4a20-93cf-4683bcd13bf7,8,8
48e50e40-2bc0-4a20-93cf-4683bcd13bf7,9,2
5f9839df-d91a-4ecd-b446-795329b174a5,1,0
5f9839df-d91a-4ecd-b446-795329b174a5,2,6
5f9839df-d91a-4ecd-b446-795329b174a5,3,0
5f9839df-d91a-4ecd-b446-795329b174a5,4,0
5f9839df-d91a-4ecd-b446-795329b174a5,5,8
5f9839df-d91a-4ecd-b446-795329b174a5,6,0
5f9839df-d91a-4ecd-b446-795329b174a5,7,0
5f9839df-d91a-4ecd-b446-795329b174a5,8,3
5f9839df-d91a-4ecd-b446-795329b174a5,9,1
685d721f-fb27-4fb6-a327-6c8b420bf47f,1,3
685d721f-fb27-4fb6-a327-6c8b420bf47f,2,4
685d721f-fb27-4fb6-a327-6c8b420bf47f,3,3
685d721f-fb27-4fb6-a327-6c8b420bf47f,4,2
685d721f-fb27-4fb6-a327-6c8b420bf47f,5,3
685d721f-fb27-4fb6-a327-6c8b420bf47f,6,0
685d721f-fb27-4fb6-a327-6c8b420bf47f,7,0
685d721f-fb27-4fb6-a327-6c8b420bf47f,8,0
685d721f-fb27-4fb6-a327-6c8b420bf47f,9,0
8d6885e6-bfa9-4561-820c-f80eac8d7f62,1,0
8d6885e6-bfa9-4561-820c-f80eac8d7f62,2,0
8d6885e6-bfa9-4561-820c-f80eac8d7f62,3,0
8d6885e6-bfa9-4561-820c-f80eac8d7f62,4,0
8d6885e6-bfa9-4561-820c-f80eac8d7f62,5,0
8d6885e6-bfa9-4561-820c-f80eac8d7f62,6,0
8d6885e6-bfa9-4561-820c-f80eac8d7f62,7,0
8d6885e6-bfa9-4561-820c-f80eac8d7f62,8,0
8d6885e6-bfa9-4561-820c-f80eac8d7f62,9,0
a04c9fce-b4f1-4f7f-82be-ed9e8f21feb8,1,4
a04c9fce-b4f1-4f7f-82be-ed9e8f21feb8,2,11
a04c9fce-b4f1-4f7f-82be-ed9e8f21feb8,3,2
a04c9fce-b4f1-4f7f-82be-ed9e8f21feb8,4,4
a04c9fce-b4f1-4f7f-82be-ed9e8f21feb8,5,7
a04c9fce-b4f1-4f7f-82be-ed9e8f21feb8,6,3
a04c9fce-b4f1-4f7f-82be-ed9e8f21feb8,7,8
a04c9fce-b4f1-4f7f-82be-ed9e8f21feb8,8,5
a04c9fce-b4f1-4f7f-82be-ed9e8f21feb8,9,2
a7cc7c2e-350d-47a3-9d76-e40bc7cffa9e,1,0
a7cc7c2e-350d-47a3-9d76-e40bc7cffa9e,2,2
a7cc7c2e-350d-47a3-9d76-e40bc7cffa9e,3,0
a7cc7c2e-350d-47a3-9d76-e40bc7cffa9e,4,0
a7cc7c2e-350d-47a3-9d76-e40bc7cffa9e,5,4
a7cc7c2e-350d-47a3-9d76-e40bc7cffa9e,6,0
a7cc7c2e-350d-47a3-9d76-e40bc7cffa9e,7,0
a7cc7c2e-350d-47a3-9d76-e40bc7cffa9e,8,0
a7cc7c2e-350d-47a3-9d76-e40bc7cffa9e,9,1
b2d99dc2-6919-4c70-b381-6f89ca52048d,1,0
b2d99dc2-6919-4c70-b381-6f89ca52048d,2,0
b2d99dc2-6919-4c70-b381-6f89ca52048d,3,0
b2d99dc2-6919-4c70-b381-6f89ca52048d,4,0
b2d99dc2-6919-4c70-b381-6f89ca52048d,5,0
b2d99dc2-6919-4c70-b381-6f89ca52048d,6,0
b2d99dc2-6919-4c70-b381-6f89ca52048d,7,0
b2d99dc2-6919-4c70-b381-6f89ca52048d,8,0
b2d99dc2-6919-4c70-b381-6f89ca52048d,9,0
b4498a98-9d30-4f18-8cdf-884774505d34,1,5
b4498a98-9d30-4f18-8cdf-884774505d34,2,5
b4498a98-9d30-4f18-8cdf-884774505d34,3,1
b4498a98-9d30-4f18-8cdf-884774505d34,4,8
b4498a98-9d30-4f18-8cdf-884774505d34,5,15
b4498a98-9d30-4f18-8cdf-884774505d34,6,4
b4498a98-9d30-4f18-8cdf-884774505d34,7,1
b4498a98-9d30-4f18-8cdf-884774505d34,8,6
b4498a98-9d30-4f18-8cdf-884774505d34,9,3
bff73444-2e99-46e8-9bef-3a0cece74bab,1,0
bff73444-2e99-46e8-9bef-3a0cece74bab,2,0
bff73444-2e99-46e8-9bef-3a0cece74bab,3,0
bff73444-2e99-46e8-9bef-3a0cece74bab,4,1
bff73444-2e99-46e8-9bef-3a0cece74bab,5,2
bff73444-2e99-46e8-9bef-3a0cece74bab,6,0
bff73444-2e99-46e8-9bef-3a0cece74bab,7,0
bff73444-2e99-46e8-9bef-3a0cece74bab,8,0
bff73444-2e99-46e8-9bef-3a0cece74bab,9,0
d56ca4de-1be4-499a-8242-b219e051f33c,1,0
d56ca4de-1be4-499a-8242-b219e051f33c,2,1
d56ca4de-1be4-499a-8242-b219e051f33c,3,1
d56ca4de-1be4-499a-8242-b219e051f33c,4,0
d56ca4de-1be4-499a-8242-b219e051f33c,5,8
d56ca4de-1be4-499a-8242-b219e051f33c,6,1
d56ca4de-1be4-499a-8242-b219e051f33c,7,1
d56ca4de-1be4-499a-8242-b219e051f33c,8,6
d56ca4de-1be4-499a-8242-b219e051f33c,9,0
